"Day","CumulativeIncidenceRate"
0,0
7,25.8382216652504
14,43.4392795227389
21,56.227120812611
28,63.1734674499666
35,66.2145451904152
42,66.7286842328652
