"Day","CumulativeIncidenceRate"
0,0
7,107.030112685698
14,211.298537039676
21,290.917424049898
28,347.73769249188
