"Day","CumulativeIncidenceRate"
0,0
7,6.85741715382901
14,15.6740963516092
21,26.9398531043283
28,39.1852408790229
35,48.0019200768031
42,51.9204441647054
