"Day","CumulativeIncidenceRate"
0,0
7,3.81843348766169
14,5.72765023149253
21,5.72765023149253
28,6.20495441745024
35,6.20495441745024
42,6.68225860340795
